<?xml version="1.0" encoding="UTF-8"?>
<mule xmlns:doc="http://www.mulesoft.org/schema/mule/documentation"
	xmlns="http://www.mulesoft.org/schema/mule/core"
	xmlns:apikit="http://www.mulesoft.org/schema/mule/mule-apikit"
	xmlns:http="http://www.mulesoft.org/schema/mule/http"
	xmlns:xsi="http://www.w3.org/2001/XMLSchema-instance"
	xsi:schemaLocation="http://www.mulesoft.org/schema/mule/core http://www.mulesoft.org/schema/mule/core/current/mule.xsd http://www.mulesoft.org/schema/mule/http http://www.mulesoft.org/schema/mule/http/current/mule-http.xsd http://www.mulesoft.org/schema/mule/mule-apikit http://www.mulesoft.org/schema/mule/mule-apikit/current/mule-apikit.xsd ">
	<flow name="fuank-customer-api-main">
		<http:listener
			config-ref="fuank-customer-api-httpListenerConfig" path="/api/*">
			<http:response
				statusCode="#[vars.httpStatus default 200]">
				<http:headers>#[vars.outboundHeaders default {}]</http:headers>
			</http:response>
			<http:error-response
				statusCode="#[vars.httpStatus default 500]">
				<http:body>#[payload]</http:body>
				<http:headers>#[vars.outboundHeaders default {}]</http:headers>
			</http:error-response>
		</http:listener>
		<apikit:router config-ref="fuank-customer-api-config" />
		<error-handler>
			<on-error-propagate type="APIKIT:BAD_REQUEST">
				<ee:transform
					xmlns:ee="http://www.mulesoft.org/schema/mule/ee/core"
					xsi:schemaLocation="http://www.mulesoft.org/schema/mule/ee/core http://www.mulesoft.org/schema/mule/ee/core/current/mule-ee.xsd">
					<ee:message>
						<ee:set-payload><![CDATA[%dw 2.0
output application/json
---
{message: "Bad request"}]]></ee:set-payload>
					</ee:message>
					<ee:variables>
						<ee:set-variable variableName="httpStatus">400
						</ee:set-variable>
					</ee:variables>
				</ee:transform>
			</on-error-propagate>
			<on-error-propagate type="APIKIT:NOT_FOUND">
				<ee:transform
					xmlns:ee="http://www.mulesoft.org/schema/mule/ee/core"
					xsi:schemaLocation="http://www.mulesoft.org/schema/mule/ee/core http://www.mulesoft.org/schema/mule/ee/core/current/mule-ee.xsd">
					<ee:message>
						<ee:set-payload><![CDATA[%dw 2.0
output application/json
---
{message: "Resource not found"}]]></ee:set-payload>
					</ee:message>
					<ee:variables>
						<ee:set-variable variableName="httpStatus">404
						</ee:set-variable>
					</ee:variables>
				</ee:transform>
			</on-error-propagate>
			<on-error-propagate
				type="APIKIT:METHOD_NOT_ALLOWED">
				<ee:transform
					xmlns:ee="http://www.mulesoft.org/schema/mule/ee/core"
					xsi:schemaLocation="http://www.mulesoft.org/schema/mule/ee/core http://www.mulesoft.org/schema/mule/ee/core/current/mule-ee.xsd">
					<ee:message>
						<ee:set-payload><![CDATA[%dw 2.0
output application/json
---
{message: "Method not allowed"}]]></ee:set-payload>
					</ee:message>
					<ee:variables>
						<ee:set-variable variableName="httpStatus">405
						</ee:set-variable>
					</ee:variables>
				</ee:transform>
			</on-error-propagate>
			<on-error-propagate type="APIKIT:NOT_ACCEPTABLE">
				<ee:transform
					xmlns:ee="http://www.mulesoft.org/schema/mule/ee/core"
					xsi:schemaLocation="http://www.mulesoft.org/schema/mule/ee/core http://www.mulesoft.org/schema/mule/ee/core/current/mule-ee.xsd">
					<ee:message>
						<ee:set-payload><![CDATA[%dw 2.0
output application/json
---
{message: "Not acceptable"}]]></ee:set-payload>
					</ee:message>
					<ee:variables>
						<ee:set-variable variableName="httpStatus">406
						</ee:set-variable>
					</ee:variables>
				</ee:transform>
			</on-error-propagate>
			<on-error-propagate
				type="APIKIT:UNSUPPORTED_MEDIA_TYPE">
				<ee:transform
					xmlns:ee="http://www.mulesoft.org/schema/mule/ee/core"
					xsi:schemaLocation="http://www.mulesoft.org/schema/mule/ee/core http://www.mulesoft.org/schema/mule/ee/core/current/mule-ee.xsd">
					<ee:message>
						<ee:set-payload><![CDATA[%dw 2.0
output application/json
---
{message: "Unsupported media type"}]]></ee:set-payload>
					</ee:message>
					<ee:variables>
						<ee:set-variable variableName="httpStatus">415
						</ee:set-variable>
					</ee:variables>
				</ee:transform>
			</on-error-propagate>
			<on-error-propagate type="APIKIT:NOT_IMPLEMENTED">
				<ee:transform
					xmlns:ee="http://www.mulesoft.org/schema/mule/ee/core"
					xsi:schemaLocation="http://www.mulesoft.org/schema/mule/ee/core http://www.mulesoft.org/schema/mule/ee/core/current/mule-ee.xsd">
					<ee:message>
						<ee:set-payload><![CDATA[%dw 2.0
output application/json
---
{message: "Not Implemented"}]]></ee:set-payload>
					</ee:message>
					<ee:variables>
						<ee:set-variable variableName="httpStatus">501
						</ee:set-variable>
					</ee:variables>
				</ee:transform>
			</on-error-propagate>
		</error-handler>
	</flow>
	<flow
		name="put:\customer\(customerId):application\json:fuank-customer-api-config">
		<logger level="DEBUG" doc:name="Log Incoming Request" doc:id="4bd39196-fb40-4fcf-a096-8001b4023837" message="Log Incoming Request:  #[payload]" />
		<ee:transform
			xmlns:ee="http://www.mulesoft.org/schema/mule/ee/core">
			<ee:variables>
				<ee:set-variable variableName="customerId">attributes.uriParams.'customerId'
				</ee:set-variable>
			</ee:variables>
		</ee:transform>
		<flow-ref doc:name="Flow Reference to update-customer-sub-flow" doc:id="c2aa073e-f8f5-4822-845e-1b15c9ee9d04" name="update-customer-sub-flow"/>
		<logger level="DEBUG" doc:name="Log Outgoing Response" doc:id="388512bc-2039-4c56-8501-4d15a9608da2" message="Log Outgoing Response: #[payload]" />
	</flow>
	<flow name="get:\customer\(customerId):fuank-customer-api-config">
		<logger level="DEBUG" doc:name="Log Incoming Request" doc:id="0c524a99-5a90-4ef0-bacd-eafd32a5cc66" message="Log Incoming Request:  #[payload]" />
		<ee:transform
			xmlns:ee="http://www.mulesoft.org/schema/mule/ee/core">
			<ee:variables>
				<ee:set-variable variableName="customerId"><![CDATA[attributes.uriParams.'customerId' as String
				]]></ee:set-variable>
			</ee:variables>
		</ee:transform>
		<flow-ref doc:name="Flow Reference to get-customer-data-sub-flow" doc:id="33076d7e-8a10-4067-bcc3-224ccf1f009b" name="get-customer-data-sub-flow"/>
		<logger level="DEBUG" doc:name="Log Outgoing Response" doc:id="93b3af8b-c8fc-4f72-a111-36d0861cd86d" message="Log Outgoing Response: #[payload]" />
	</flow>
	<flow
		name="post:\customer:application\json:fuank-customer-api-config">
		<logger level="DEBUG" doc:name="Log Incoming Request" doc:id="61a58cf1-7fd0-4133-86dc-4c910a426ae7" message="Log Incoming Request:  #[payload]" />
		<flow-ref doc:name="Flow Reference to create-new-customer-sub-flow" doc:id="8b29eb05-dfbf-4ca5-9a86-0123eafe391e" name="create-new-customer-sub-flow"/>
		<logger level="DEBUG" doc:name="Log Outgoing Response" doc:id="cab0c75e-a6ed-4d6a-aabf-f3027b005073" message="Log Outgoing Response: #[payload]"/>
    </flow>
</mule>
