<?xml version="1.0" encoding="UTF-8"?>

<mule
	xmlns:api-gateway="http://www.mulesoft.org/schema/mule/api-gateway"
	xmlns:salesforce="http://www.mulesoft.org/schema/mule/salesforce"
	xmlns:mongo="http://www.mulesoft.org/schema/mule/mongo"
	xmlns:apikit="http://www.mulesoft.org/schema/mule/mule-apikit"
	xmlns:http="http://www.mulesoft.org/schema/mule/http"
	xmlns="http://www.mulesoft.org/schema/mule/core"
	xmlns:doc="http://www.mulesoft.org/schema/mule/documentation"
	xmlns:xsi="http://www.w3.org/2001/XMLSchema-instance" xsi:schemaLocation="
http://www.mulesoft.org/schema/mule/mule-apikit http://www.mulesoft.org/schema/mule/mule-apikit/current/mule-apikit.xsd 
http://www.mulesoft.org/schema/mule/http http://www.mulesoft.org/schema/mule/http/current/mule-http.xsd http://www.mulesoft.org/schema/mule/core http://www.mulesoft.org/schema/mule/core/current/mule.xsd
http://www.mulesoft.org/schema/mule/mongo http://www.mulesoft.org/schema/mule/mongo/current/mule-mongo.xsd
http://www.mulesoft.org/schema/mule/salesforce http://www.mulesoft.org/schema/mule/salesforce/current/mule-salesforce.xsd
http://www.mulesoft.org/schema/mule/api-gateway http://www.mulesoft.org/schema/mule/api-gateway/current/mule-api-gateway.xsd">

	<http:listener-config
		name="fuank-customer-api-httpListenerConfig">
		<http:listener-connection host="0.0.0.0"
			port="8081" />
	</http:listener-config>
	<apikit:config name="fuank-customer-api-config"
		api="fuank-customer-api.raml" outboundHeadersMapName="outboundHeaders"
		httpStatusVarName="httpStatus" />
	<mongo:config name="MongoDB_Config" doc:name="MongoDB Config" doc:id="adc6db44-b811-4d5a-9457-eb4edde27385" >
		<mongo:connection-string-connection connectionString="${cosmos-db.connectionString}" />
	</mongo:config>
<salesforce:sfdc-config name="Salesforce_Config"
		doc:name="Salesforce Config"
		doc:id="440a48a6-026b-4f59-9b1b-17686cbcd1a9">
		<salesforce:basic-connection username="${salesforce.username}" password="${salesforce.password}" securityToken="${salesforce.token}" url="https://login.salesforce.com/services/Soap/u/53.0" />
	</salesforce:sfdc-config>
	<configuration-properties doc:name="Configuration properties" doc:id="ef1623f9-45f1-4ad4-ac05-306548ba5e67" file="properties/${env}-properies.yaml" />
	<global-property doc:name="Global Property" doc:id="de371bde-eb47-4e45-b8ae-ba5c6110f739" name="env" value="dev" />
<!-- 	<api-gateway:autodiscovery apiId="${autodiscovery.id}" ignoreBasePath="false" doc:name="API Autodiscovery" doc:id="62008ea4-46ef-4619-a9d8-4e253871d527" flowRef="fuank-customer-api-main" /> -->
	
	</mule>
