<?xml version="1.0" encoding="UTF-8"?>

<mule
	xmlns:salesforce="http://www.mulesoft.org/schema/mule/salesforce"
	xmlns:ee="http://www.mulesoft.org/schema/mule/ee/core"
	xmlns:mongo="http://www.mulesoft.org/schema/mule/mongo"
	xmlns="http://www.mulesoft.org/schema/mule/core"
	xmlns:doc="http://www.mulesoft.org/schema/mule/documentation"
	xmlns:xsi="http://www.w3.org/2001/XMLSchema-instance"
	xsi:schemaLocation="http://www.mulesoft.org/schema/mule/core http://www.mulesoft.org/schema/mule/core/current/mule.xsd
http://www.mulesoft.org/schema/mule/mongo http://www.mulesoft.org/schema/mule/mongo/current/mule-mongo.xsd
http://www.mulesoft.org/schema/mule/ee/core http://www.mulesoft.org/schema/mule/ee/core/current/mule-ee.xsd
http://www.mulesoft.org/schema/mule/salesforce http://www.mulesoft.org/schema/mule/salesforce/current/mule-salesforce.xsd">

	
	<sub-flow name="create-new-customer-sub-flow" doc:id="a4dfb9f1-330d-4b1f-835b-a83e6ef79072" >
		<ee:transform doc:name="Set Variables" doc:id="5fe2a291-4933-4f9c-8d86-c37fc786f72f" >
			<ee:message >
			</ee:message>
			<ee:variables >
				<ee:set-variable variableName="originalPayload" ><![CDATA[%dw 2.0
output application/json
---
payload]]></ee:set-variable>
				<ee:set-variable variableName="customerId" ><![CDATA[%dw 2.0
output application/json
---
{
	"customerId": uuid()
}]]></ee:set-variable>
			</ee:variables>
		</ee:transform>
		<scatter-gather doc:name="Scatter-Gather" doc:id="1a37184f-60bc-4495-8e6e-db1a2b3e068d" >
			<route >
				<logger level="INFO" doc:name="Insert customer data to MongoDB" doc:id="0fb87825-c52d-4b18-a2e9-c89b9f30fb4b" message="Insert custoner data to MongoDB" />
				<ee:transform doc:name="Set Payload for MongoDB" doc:id="06603d3c-9ccf-4ee0-b581-af7615ea2aaa" >
					<ee:message >
						<ee:set-payload ><![CDATA[%dw 2.0
output application/json
---
vars.originalPayload ++ vars.customerId]]></ee:set-payload>
					</ee:message>
				</ee:transform>
				<mongo:insert-document doc:name="Insert Customer Data to MongoDB" doc:id="3a7e13a7-9964-4db6-b0c1-f3dc2ec4af0c" config-ref="MongoDB_Config" collectionName="${cosmos-db.collection}"/>
			</route>
			<route >
				<logger level="INFO" doc:name="Insert customer data to SF" doc:id="e6db8738-5236-4f8a-bc0b-e7708d53dc18" message="Insert custoner data to SF" />
				<ee:transform doc:name="Set Payload for SF" doc:id="a83269c1-4615-47fd-ac4e-024c6839d2dd" >
					<ee:message >
						<ee:set-payload ><![CDATA[%dw 2.0
output application/java
---
vars.originalPayload.personalInformation]]></ee:set-payload>
					</ee:message>
				</ee:transform>
<!-- 				<salesforce:upsert doc:name="Insert Customer Data to SF" doc:id="233acc32-1915-4880-8614-78290618fa08" config-ref="Salesforce_Config" objectType="Customer__c" externalIdFieldName="id"/> -->
			</route>
		</scatter-gather>
		<ee:transform doc:name="Return Response" doc:id="339e614e-9789-418d-9d89-57b9c91e6d85" >
			<ee:message >
				<ee:set-payload ><![CDATA[%dw 2.0
output application/json
---
vars.customerId]]></ee:set-payload>
				<ee:set-attributes ><![CDATA[%dw 2.0
output application/java
---
{
	"statusCode": 201
}]]></ee:set-attributes>
			</ee:message>
		</ee:transform>
	</sub-flow>
	<sub-flow name="update-customer-sub-flow" doc:id="1a7ddad7-84ed-4c13-b555-7925c049ee76" >
		<ee:transform doc:name="Set Variables" doc:id="2fb8279b-2cdf-47de-be3f-aa75c9099c2d" >
			<ee:message />
			<ee:variables >
				<ee:set-variable variableName="originalPayload" ><![CDATA[%dw 2.0
output application/json
---
payload]]></ee:set-variable>
				<ee:set-variable variableName="customerId" ><![CDATA[%dw 2.0
output application/json
---
{
	"customerId": vars.customerId
}]]></ee:set-variable>
			</ee:variables>
		</ee:transform>
		<scatter-gather doc:name="Scatter-Gather" doc:id="38b9e887-40fa-4764-b922-560ab752a8e8" >
			<route >
				<logger level="INFO" doc:name="Update custoner data to MongoDB" doc:id="b0e10ce2-daad-4089-8ae8-5e8dc16cb132" message="Update custoner data to MongoDB" />
				<ee:transform doc:name="Set Payload for MongoDB" doc:id="4cefd3e8-5d51-4d90-a0ad-8ab4bdc44a49" >
					<ee:message >
						<ee:set-payload ><![CDATA[%dw 2.0
output application/json
---
vars.originalPayload ++ vars.customerId]]></ee:set-payload>
					</ee:message>
				</ee:transform>
				<mongo:update-documents doc:name="Update Customer Data to Mongo DB" doc:id="a87bd2bb-963a-4b5b-a59a-0d075089327b" config-ref="MongoDB_Config" collectionName="${cosmos-db.collection}">
					<mongo:query ><![CDATA[#[vars.customerId]]]></mongo:query>
				</mongo:update-documents>
			</route>
			<route >
				<logger level="INFO" doc:name="Update custoner data to SF" doc:id="1b8b2b5e-1577-44e2-9267-8e68dca9f70d" message="Update custoner data to SF" />
				<ee:transform doc:name="Set Payload for SF" doc:id="95959193-447f-4bcf-86fa-a1dd86d2c0c1" >
					<ee:message >
						<ee:set-payload ><![CDATA[%dw 2.0
output application/java
---
vars.originalPayload.personalInformation]]></ee:set-payload>
					</ee:message>
				</ee:transform>
<!-- 				<salesforce:upsert doc:name="Insert Customer Data to SF" doc:id="1584e570-82b6-45eb-b942-d3f729fd3b64" config-ref="Salesforce_Config" objectType="Customer__c" externalIdFieldName="id"/> -->
			</route>
		</scatter-gather>
		<ee:transform doc:name="Return Response" doc:id="93044b9d-433f-4d6d-88c4-8fef3c327347" >
			<ee:message >
				<ee:set-payload ><![CDATA[%dw 2.0
output application/java
---
{}]]></ee:set-payload>
				<ee:set-attributes ><![CDATA[%dw 2.0
output application/java
---
{
	"statusCode": 204
}]]></ee:set-attributes>
			</ee:message>
		</ee:transform>
	</sub-flow>
	<sub-flow name="get-customer-data-sub-flow" doc:id="a41af64b-49d3-4aea-96e7-3a8989cba1c0" >
		<ee:transform doc:name="Set Query" doc:id="09bd3893-faa9-4157-8a96-a3350006c2d7" >
			<ee:message >
				<ee:set-payload ><![CDATA[%dw 2.0
output application/json
---
{
	"customerId": vars.customerId
}]]></ee:set-payload>
			</ee:message>
		</ee:transform>
		<mongo:find-documents doc:name="Find Customer Data" doc:id="e77192d0-a091-4164-a323-c0e7b2dfdc1f" config-ref="MongoDB_Config" collectionName="${cosmos-db.collection}" fields=",">
			<mongo:query ><![CDATA[#[payload]]]></mongo:query>
		</mongo:find-documents>
		<ee:transform doc:name="Return Response" doc:id="75e84d93-cec0-4bfc-bd3a-ec2eee3a75c1" >
			<ee:message >
				<ee:set-payload ><![CDATA[%dw 2.0
output application/json
---
{
	"customerId": payload[0].customerId,
	"personalInformation": payload[0].personalInformation,
	"address": payload[0].address
}]]></ee:set-payload>
			</ee:message>
		</ee:transform>
	</sub-flow>
</mule>
